{ "height":20,
 "layers":[
        {
         "compression":"zlib",
         "data":"eJztw4EJAAAIA6Dq\/6O7ImigYBUAAAAAAAAAAAAAAACfTXC41sEBAD5aW84Ajg==",
         "encoding":"base64",
         "height":20,
         "name":"GroundLayer",
         "opacity":1,
         "type":"tilelayer",
         "visible":true,
         "width":200,
         "x":0,
         "y":0
        }, 
        {
         "compression":"zlib",
         "data":"eJztwQEBAAAAgJD+r+4ICgAAAAAAAAAAAAAAAAAAAGo+gAAB",
         "encoding":"base64",
         "height":20,
         "name":"BackgroundLayer",
         "opacity":1,
         "type":"tilelayer",
         "visible":false,
         "width":200,
         "x":0,
         "y":0
        }],
 "nextobjectid":1,
 "orientation":"orthogonal",
 "renderorder":"right-down",
 "tileheight":32,
 "tilesets":[
        {
         "columns":16,
         "firstgid":1,
         "image":"tilemaps\/tiles\/desert32.png",
         "imageheight":32,
         "imagewidth":512,
         "margin":0,
         "name":"desert32",
         "spacing":0,
         "tilecount":16,
         "tileheight":32,
         "tilewidth":32
        }],
 "tilewidth":32,
 "version":1,
 "width":200
}